2020-02-24T18:00:00,ITA,17,Basilicata,40.63947052,15.80514834,0,0,0,0,0,0,0,0,0,,,0,0,,,,,
2020-02-25T18:00:00,ITA,17,Basilicata,40.63947052,15.80514834,0,0,0,0,0,0,0,0,0,,,0,0,,,,,
2020-02-26T18:00:00,ITA,17,Basilicata,40.63947052,15.80514834,0,0,0,0,0,0,0,0,0,,,0,0,,,,,
2020-02-27T18:00:00,ITA,17,Basilicata,40.63947052,15.80514834,0,0,0,0,0,0,0,0,0,,,0,0,,,,,
2020-02-28T18:00:00,ITA,17,Basilicata,40.63947052,15.80514834,0,0,0,0,0,0,0,0,0,,,0,0,,,,,
2020-02-29T17:00:00,ITA,17,Basilicata,40.63947052,15.80514834,0,0,0,0,0,0,0,0,0,,,0,32,,,,,
2020-03-01T17:00:00,ITA,17,Basilicata,40.63947052,15.80514834,0,0,0,0,0,0,0,0,0,,,0,39,,,,,
2020-03-02T18:00:00,ITA,17,Basilicata,40.63947052,15.80514834,0,0,0,0,0,0,0,0,0,,,0,39,,,,,
2020-03-03T18:00:00,ITA,17,Basilicata,40.63947052,15.80514834,0,0,0,1,1,1,1,0,0,,,1,42,,,,,
2020-03-04T17:00:00,ITA,17,Basilicata,40.63947052,15.80514834,0,0,0,1,1,0,0,0,0,,,1,48,,,,,
2020-03-05T17:00:00,ITA,17,Basilicata,40.63947052,15.80514834,0,0,0,1,1,0,0,0,0,,,1,54,,,,,
2020-03-06T17:00:00,ITA,17,Basilicata,40.63947052,15.80514834,1,0,1,2,3,2,2,0,0,,,3,63,,,,,
2020-03-07T18:00:00,ITA,17,Basilicata,40.63947052,15.80514834,1,0,1,2,3,0,0,0,0,,,3,75,,,,,
2020-03-08T18:00:00,ITA,17,Basilicata,40.63947052,15.80514834,2,0,2,2,4,1,1,0,0,,,4,123,,,,,
2020-03-09T18:00:00,ITA,17,Basilicata,40.63947052,15.80514834,2,0,2,3,5,1,1,0,0,,,5,135,,,,,
2020-03-10T18:00:00,ITA,17,Basilicata,40.63947052,15.80514834,2,0,2,5,7,2,2,0,0,,,7,148,,,,,
2020-03-11T17:00:00,ITA,17,Basilicata,40.63947052,15.80514834,1,1,2,6,8,1,1,0,0,,,8,155,,,,,
2020-03-12T17:00:00,ITA,17,Basilicata,40.63947052,15.80514834,1,1,2,6,8,0,0,0,0,,,8,155,,,,,
2020-03-13T17:00:00,ITA,17,Basilicata,40.63947052,15.80514834,1,1,2,8,10,2,2,0,0,,,10,155,,,,,
2020-03-14T17:00:00,ITA,17,Basilicata,40.63947052,15.80514834,0,2,2,8,10,0,0,0,0,,,10,155,,,,,
2020-03-15T17:00:00,ITA,17,Basilicata,40.63947052,15.80514834,0,2,2,9,11,1,1,0,0,,,11,208,,,,,
2020-03-16T17:00:00,ITA,17,Basilicata,40.63947052,15.80514834,1,2,3,9,12,1,1,0,0,,,12,230,,,,,
2020-03-17T17:00:00,ITA,17,Basilicata,40.63947052,15.80514834,5,2,7,13,20,8,8,0,0,,,20,262,,,,,
2020-03-18T17:00:00,ITA,17,Basilicata,40.63947052,15.80514834,9,2,11,16,27,7,7,0,0,,,27,262,,,,,
2020-03-19T17:00:00,ITA,17,Basilicata,40.63947052,15.80514834,8,5,13,24,37,10,10,0,0,,,37,353,,,,,
2020-03-20T17:00:00,ITA,17,Basilicata,40.63947052,15.80514834,8,5,13,39,52,15,15,0,0,,,52,443,,,,,
2020-03-21T17:00:00,ITA,17,Basilicata,40.63947052,15.80514834,12,7,19,47,66,14,14,0,0,,,66,522,,,,,
2020-03-22T17:00:00,ITA,17,Basilicata,40.63947052,15.80514834,13,10,23,58,81,15,15,0,0,,,81,643,,,,,
2020-03-23T17:00:00,ITA,17,Basilicata,40.63947052,15.80514834,15,12,27,62,89,8,9,0,1,,,90,696,,,,,
2020-03-24T17:00:00,ITA,17,Basilicata,40.63947052,15.80514834,14,12,26,65,91,2,2,0,1,,,92,744,,,,,
2020-03-25T17:00:00,ITA,17,Basilicata,40.63947052,15.80514834,20,14,34,78,112,21,21,0,1,,,113,857,,,,,
2020-03-26T17:00:00,ITA,17,Basilicata,40.63947052,15.80514834,22,16,38,95,133,21,21,0,1,,,134,1046,,,,,
2020-03-27T17:00:00,ITA,17,Basilicata,40.63947052,15.80514834,22,15,37,110,147,14,17,1,3,,,151,1254,,,,,
2020-03-28T17:00:00,ITA,17,Basilicata,40.63947052,15.80514834,26,19,45,133,178,31,31,1,3,,,182,1421,,,,,
2020-03-29T17:00:00,ITA,17,Basilicata,40.63947052,15.80514834,32,18,50,147,197,19,20,1,4,,,202,1585,,,,,
2020-03-30T17:00:00,ITA,17,Basilicata,40.63947052,15.80514834,36,18,54,154,208,11,12,1,5,,,214,1833,,,,,
2020-03-31T17:00:00,ITA,17,Basilicata,40.63947052,15.80514834,37,17,54,162,216,8,12,3,7,,,226,2043,,,,,
2020-04-01T17:00:00,ITA,17,Basilicata,40.63947052,15.80514834,39,15,54,171,225,9,11,3,9,,,237,2262,,,,,
2020-04-02T17:00:00,ITA,17,Basilicata,40.63947052,15.80514834,38,19,57,176,233,8,9,3,10,,,246,2427,,,,,
2020-04-03T17:00:00,ITA,17,Basilicata,40.63947052,15.80514834,41,19,60,187,247,14,15,3,11,,,261,2622,,,,,
2020-04-04T17:00:00,ITA,17,Basilicata,40.63947052,15.80514834,44,19,63,181,244,-3,3,9,11,,,264,2765,,,,,
2020-04-05T17:00:00,ITA,17,Basilicata,40.63947052,15.80514834,46,18,64,190,254,10,14,11,13,,,278,2931,,,,,
2020-04-06T17:00:00,ITA,17,Basilicata,40.63947052,15.80514834,46,18,64,198,262,8,9,12,13,,,287,3061,,,,,
2020-04-07T17:00:00,ITA,17,Basilicata,40.63947052,15.80514834,47,17,64,201,265,3,4,12,14,,,291,3160,,,,,
2020-04-08T17:00:00,ITA,17,Basilicata,40.63947052,15.80514834,48,17,65,205,270,5,6,13,14,,,297,3296,,,,,
2020-04-09T17:00:00,ITA,17,Basilicata,40.63947052,15.80514834,50,17,67,208,275,5,6,13,15,,,303,3474,,,,,
2020-04-10T17:00:00,ITA,17,Basilicata,40.63947052,15.80514834,59,15,74,205,279,4,5,14,15,,,308,3696,,,,,
2020-04-11T17:00:00,ITA,17,Basilicata,40.63947052,15.80514834,60,12,72,209,281,2,4,14,17,,,312,4050,,,,,
2020-04-12T17:00:00,ITA,17,Basilicata,40.63947052,15.80514834,61,12,73,204,277,-4,3,20,18,,,315,4355,,,,,
2020-04-13T17:00:00,ITA,17,Basilicata,40.63947052,15.80514834,64,12,76,194,270,-7,4,31,18,,,319,4545,,,,,
2020-04-14T17:00:00,ITA,17,Basilicata,40.63947052,15.80514834,62,12,74,191,265,-5,0,35,19,,,319,4759,,,,,
2020-04-15T17:00:00,ITA,17,Basilicata,40.63947052,15.80514834,60,12,72,189,261,-4,1,38,21,,,320,5037,,,,,
2020-04-16T17:00:00,ITA,17,Basilicata,40.63947052,15.80514834,60,9,69,204,273,12,16,41,22,,,336,5349,,,,,
2020-04-17T17:00:00,ITA,17,Basilicata,40.63947052,15.80514834,59,9,68,198,266,-7,1,49,22,,,337,5710,,,,,
2020-04-18T17:00:00,ITA,17,Basilicata,40.63947052,15.80514834,60,8,68,194,262,-4,2,54,23,,,339,6056,,,,,
2020-04-19T17:00:00,ITA,17,Basilicata,40.63947052,15.80514834,59,8,67,180,247,-15,3,71,24,,,342,6528,6528,,,,
2020-04-20T17:00:00,ITA,17,Basilicata,40.63947052,15.80514834,59,7,66,176,242,-5,0,76,24,,,342,6868,6868,,,,
2020-04-21T17:00:00,ITA,17,Basilicata,40.63947052,15.80514834,64,7,71,174,245,3,8,81,24,,,350,7470,7470,,,,
2020-04-22T17:00:00,ITA,17,Basilicata,40.63947052,15.80514834,65,7,72,160,232,-13,4,98,24,,,354,8040,8040,,,,
2020-04-23T17:00:00,ITA,17,Basilicata,40.63947052,15.80514834,61,7,68,161,229,-3,2,103,24,,,356,8511,8511,,,,
2020-04-24T17:00:00,ITA,17,Basilicata,40.63947052,15.80514834,59,7,66,163,229,0,4,107,24,,,360,9026,9026,,,,
2020-04-25T17:00:00,ITA,17,Basilicata,40.63947052,15.80514834,58,7,65,153,218,-11,1,118,25,,,361,9792,9792,,,,
2020-04-26T17:00:00,ITA,17,Basilicata,40.63947052,15.80514834,57,7,64,155,219,1,5,122,25,,,366,10077,10077,,,,
2020-04-27T17:00:00,ITA,17,Basilicata,40.63947052,15.80514834,57,7,64,153,217,-2,0,124,25,,,366,10364,10364,,,,
2020-04-28T17:00:00,ITA,17,Basilicata,40.63947052,15.80514834,56,7,63,142,205,-12,0,136,25,,,366,10889,10889,,,,
2020-04-29T17:00:00,ITA,17,Basilicata,40.63947052,15.80514834,51,4,55,139,194,-11,0,147,25,,,366,11331,11331,,,,
2020-04-30T17:00:00,ITA,17,Basilicata,40.63947052,15.80514834,49,4,53,139,192,-2,1,150,25,,,367,12774,12774,,,,
2020-05-01T17:00:00,ITA,17,Basilicata,40.63947052,15.80514834,49,4,53,140,193,1,11,160,25,,,378,13269,13269,,,,
2020-05-02T17:00:00,ITA,17,Basilicata,40.63947052,15.80514834,48,4,52,139,191,-2,2,164,25,,,380,13722,13722,,,,
2020-05-03T17:00:00,ITA,17,Basilicata,40.63947052,15.80514834,48,3,51,143,194,3,6,167,25,,,386,14210,14210,,,,
2020-05-04T17:00:00,ITA,17,Basilicata,40.63947052,15.80514834,50,3,53,120,173,-21,0,188,25,,,386,14901,14455,,,,
2020-05-05T17:00:00,ITA,17,Basilicata,40.63947052,15.80514834,50,3,53,124,177,4,10,194,25,,,396,15476,15028,,,,
2020-05-06T17:00:00,ITA,17,Basilicata,40.63947052,15.80514834,47,3,50,122,172,-5,3,202,25,,,399,16103,15619,,,,
2020-05-07T17:00:00,ITA,17,Basilicata,40.63947052,15.80514834,48,2,50,105,155,-17,-16,202,26,,,383,16272,15780,dc-IT-0022,,,
2020-05-08T17:00:00,ITA,17,Basilicata,40.63947052,15.80514834,48,2,50,102,152,-3,-1,204,26,,,382,16777,16285,dc-IT-0024,,,
2020-05-09T17:00:00,ITA,17,Basilicata,40.63947052,15.80514834,45,1,46,99,145,-7,0,210,27,,,382,17433,16941,,,,
2020-05-10T17:00:00,ITA,17,Basilicata,40.63947052,15.80514834,45,1,46,97,143,-2,3,215,27,,,385,17916,17424,,,,
2020-05-11T17:00:00,ITA,17,Basilicata,40.63947052,15.80514834,46,1,47,95,142,-1,1,217,27,,,386,18266,17774,,,,
2020-05-12T17:00:00,ITA,17,Basilicata,40.63947052,15.80514834,47,1,48,92,140,-2,1,220,27,,,387,19100,18608,,,,
2020-05-13T17:00:00,ITA,17,Basilicata,40.63947052,15.80514834,42,1,43,88,131,-9,2,231,27,,,389,19678,19186,,,,
2020-05-14T17:00:00,ITA,17,Basilicata,40.63947052,15.80514834,34,1,35,92,127,-4,0,235,27,,,389,20285,19789,,,,
2020-05-15T17:00:00,ITA,17,Basilicata,40.63947052,15.80514834,33,1,34,86,120,-7,0,242,27,,,389,20851,20359,,,,
2020-05-16T17:00:00,ITA,17,Basilicata,40.63947052,15.80514834,29,1,30,83,113,-7,1,250,27,,,390,21496,20966,,,,
2020-05-17T17:00:00,ITA,17,Basilicata,40.63947052,15.80514834,29,1,30,74,104,-9,2,261,27,,,392,22167,21627,,,,
2020-05-18T17:00:00,ITA,17,Basilicata,40.63947052,15.80514834,29,1,30,63,93,-11,0,272,27,,,392,22581,22016,,,,
2020-05-19T17:00:00,ITA,17,Basilicata,40.63947052,15.80514834,26,1,27,57,84,-9,1,282,27,,,393,23347,22767,,,,
2020-05-20T17:00:00,ITA,17,Basilicata,40.63947052,15.80514834,22,1,23,50,73,-11,0,293,27,,,393,23986,23376,,,,
2020-05-21T17:00:00,ITA,17,Basilicata,40.63947052,15.80514834,15,1,16,44,60,-13,1,307,27,,,394,24537,23903,,,,
2020-05-22T17:00:00,ITA,17,Basilicata,40.63947052,15.80514834,15,1,16,33,49,-11,0,318,27,,,394,25045,24395,,,,
2020-05-23T17:00:00,ITA,17,Basilicata,40.63947052,15.80514834,14,1,15,26,41,-8,4,330,27,,,398,25511,24841,,,,
2020-05-24T17:00:00,ITA,17,Basilicata,40.63947052,15.80514834,13,1,14,25,39,-2,1,333,27,,,399,26111,25431,,,,
2020-05-25T17:00:00,ITA,17,Basilicata,40.63947052,15.80514834,13,0,13,23,36,-3,0,336,27,,,399,26634,25944,,,,
2020-05-26T17:00:00,ITA,17,Basilicata,40.63947052,15.80514834,8,0,8,28,36,0,0,336,27,,,399,27197,26807,,,,
2020-05-27T17:00:00,ITA,17,Basilicata,40.63947052,15.80514834,7,0,7,29,36,0,0,336,27,,,399,27734,27344,,,,
2020-05-28T17:00:00,ITA,17,Basilicata,40.63947052,15.80514834,6,0,6,28,34,-2,0,338,27,,,399,28342,27952,,,,
2020-05-29T17:00:00,ITA,17,Basilicata,40.63947052,15.80514834,5,0,5,28,33,-1,0,339,27,,,399,28909,28209,,,,
2020-05-30T17:00:00,ITA,17,Basilicata,40.63947052,15.80514834,5,0,5,26,31,-2,0,341,27,,,399,29421,28685,,,,
2020-05-31T17:00:00,ITA,17,Basilicata,40.63947052,15.80514834,4,0,4,25,29,-2,0,343,27,,,399,29880,29130,,,,
2020-06-01T17:00:00,ITA,17,Basilicata,40.63947052,15.80514834,4,0,4,24,28,-1,0,344,27,,,399,29956,29196,,,,
2020-06-02T17:00:00,ITA,17,Basilicata,40.63947052,15.80514834,4,0,4,20,24,-4,0,348,27,,,399,30424,29664,,,,
2020-06-03T17:00:00,ITA,17,Basilicata,40.63947052,15.80514834,4,0,4,19,23,-1,0,349,27,,,399,30708,29938,,,,
2020-06-04T17:00:00,ITA,17,Basilicata,40.63947052,15.80514834,3,0,3,17,20,-3,0,352,27,,,399,31096,30706,,,,
2020-06-05T17:00:00,ITA,17,Basilicata,40.63947052,15.80514834,0,0,0,18,18,-2,0,354,27,,,399,31485,30705,,,,
2020-06-06T17:00:00,ITA,17,Basilicata,40.63947052,15.80514834,0,0,0,17,17,-1,0,355,27,,,399,31882,31102,,,,
2020-06-07T17:00:00,ITA,17,Basilicata,40.63947052,15.80514834,0,0,0,14,14,-3,0,358,27,,,399,32147,31357,,,,
2020-06-08T17:00:00,ITA,17,Basilicata,40.63947052,15.80514834,0,0,0,13,13,-1,0,359,27,,,399,32720,31930,,,,
2020-06-09T17:00:00,ITA,17,Basilicata,40.63947052,15.80514834,1,0,1,13,14,1,1,359,27,,,400,33185,32395,,,,
2020-06-10T17:00:00,ITA,17,Basilicata,40.63947052,15.80514834,1,0,1,10,11,-3,0,362,27,,,400,33551,32761,,,,
2020-06-11T17:00:00,ITA,17,Basilicata,40.63947052,15.80514834,0,1,1,11,12,1,1,362,27,,,401,33957,33167,,,,
2020-06-12T17:00:00,ITA,17,Basilicata,40.63947052,15.80514834,0,1,1,11,12,0,0,362,27,,,401,34377,33587,,,,
2020-06-13T17:00:00,ITA,17,Basilicata,40.63947052,15.80514834,0,1,1,10,11,-1,0,363,27,,,401,34681,33891,,,,
2020-06-14T17:00:00,ITA,17,Basilicata,40.63947052,15.80514834,0,1,1,10,11,0,0,363,27,,,401,35139,34349,,,,
2020-06-15T17:00:00,ITA,17,Basilicata,40.63947052,15.80514834,0,1,1,10,11,0,0,363,27,,,401,35233,34443,,,,
2020-06-16T17:00:00,ITA,17,Basilicata,40.63947052,15.80514834,0,1,1,9,10,-1,0,364,27,,,401,35666,34876,,,,
2020-06-17T17:00:00,ITA,17,Basilicata,40.63947052,15.80514834,0,1,1,9,10,0,0,364,27,,,401,36011,35221,,,,
2020-06-18T17:00:00,ITA,17,Basilicata,40.63947052,15.80514834,0,1,1,9,10,0,0,364,27,,,401,36382,35592,,,,
2020-06-19T17:00:00,ITA,17,Basilicata,40.63947052,15.80514834,0,1,1,7,8,-2,0,366,27,,,401,36705,35915,,,,
2020-06-20T17:00:00,ITA,17,Basilicata,40.63947052,15.80514834,0,1,1,7,8,0,0,366,27,,,401,36975,36185,,,,
2020-06-21T17:00:00,ITA,17,Basilicata,40.63947052,15.80514834,1,0,1,7,8,0,0,366,27,,,401,37305,36515,,,,
2020-06-22T17:00:00,ITA,17,Basilicata,40.63947052,15.80514834,1,0,1,7,8,0,0,366,27,,,401,37370,36590,,,,
2020-06-23T17:00:00,ITA,17,Basilicata,40.63947052,15.80514834,1,0,1,7,8,0,0,366,27,,,401,37613,36833,,,,
2020-06-24T17:00:00,ITA,17,Basilicata,40.63947052,15.80514834,1,0,1,6,7,-1,0,367,27,,,401,37887,37107,,,,
2020-06-25T17:00:00,ITA,17,Basilicata,40.63947052,15.80514834,1,0,1,6,7,0,0,367,27,401,0,401,38261,37481,,,,
2020-06-26T17:00:00,ITA,17,Basilicata,40.63947052,15.80514834,1,0,1,6,7,0,0,367,27,401,0,401,38690,37910,NEI CASI POSITIVI COMPRESI N. 2 PAZIENTI IN ISOLAMENTO DOMICILIARE PROVENIENTI DA ALTRA REGIONE,,,
2020-06-27T17:00:00,ITA,17,Basilicata,40.63947052,15.80514834,1,0,1,6,7,0,0,367,27,401,0,401,39001,38221,NEI DEI CASI POSITIVI SONO COMPRESI N. 2 PAZIENTI IN ISOLAMENTO DOMICILIARE PROVENIENTI DA ALTRA REGIONE,,,
2020-06-28T17:00:00,ITA,17,Basilicata,40.63947052,15.80514834,1,0,1,1,2,-5,0,372,27,401,0,401,39138,38358,,,,
2020-06-29T17:00:00,ITA,17,Basilicata,40.63947052,15.80514834,1,0,1,2,3,1,1,372,27,401,1,402,39294,38514,NEL TOTALE DEI CASI POSITIVI SONO COMPRESI N. 2 PAZIENTI IN ISOLAMENTO DOMICILIARE PROVENIENTI DA ALTRA REGIONE,,,
2020-06-30T17:00:00,ITA,17,Basilicata,40.63947052,15.80514834,1,0,1,2,3,0,0,372,27,401,1,402,39631,38851,NEL TOTALE DEI CASI POSITIVI SONO COMPRESI N. 2 PAZIENTI IN ISOLAMENTO DOMICILIARE PROVENIENTI DA ALTRA REGIONE,,,
2020-07-01T17:00:00,ITA,17,Basilicata,40.63947052,15.80514834,0,0,0,2,2,-1,0,373,27,401,1,402,39787,39007,NEL TOTALE DEI CASI POSITIVI SONO COMPRESI N. 2 PAZIENTI IN ISOLAMENTO DOMICILIARE PROVENIENTI DA ALTRA REGIONE,,,
2020-07-02T17:00:00,ITA,17,Basilicata,40.63947052,15.80514834,0,0,0,2,2,0,0,373,27,401,1,402,40041,39261,NEL TOTALE DEI CASI POSITIVI SONO COMPRESI N. 2 PAZIENTI IN ISOLAMENTO DOMICILIARE PROVENIENTI DA ALTRA REGIONE,,,
2020-07-03T17:00:00,ITA,17,Basilicata,40.63947052,15.80514834,0,0,0,4,4,2,2,373,27,401,3,404,40333,39553,"NEL TOTALE CASI POSITIVI SONO COMPRESI ULTERIORI N. 2 SOGGETTI RISULTATI POSITIVI PER ATTIVITA' DI SCREENING, ASINTOMATICI ED  IN ISOLAMENTO DOMICILIARE, NON RESIDENTI E PROVENIENTI DA STATO ESTERO.  ",,,
2020-07-04T17:00:00,ITA,17,Basilicata,40.63947052,15.80514834,0,0,0,4,4,0,0,373,27,401,3,404,40562,39782,"NEL TOTALE CASI POSITIVI SONO COMPRESI ULTERIORI N. 2 SOGGETTI RISULTATI POSITIVI PER ATTIVITA' DI SCREENING, ASINTOMATICI ED  IN ISOLAMENTO DOMICILIARE, NON RESIDENTI E PROVENIENTI DA STATO ESTERO.  ",,,
2020-07-05T17:00:00,ITA,17,Basilicata,40.63947052,15.80514834,0,0,0,4,4,0,0,373,27,400,4,404,40562,39782,"NEL TOTALE CASI POSITIVI SONO COMPRESI ULTERIORI N. 2 SOGGETTI RISULTATI POSITIVI PER ATTIVITA' DI SCREENING, ASINTOMATICI ED  IN ISOLAMENTO DOMICILIARE, NON RESIDENTI E PROVENIENTI DA STATO ESTERO.  ",,,
2020-07-06T17:00:00,ITA,17,Basilicata,40.63947052,15.80514834,0,0,0,4,4,0,0,373,27,400,4,404,40807,40027,"NEL TOTALE CASI POSITIVI SONO COMPRESI ULTERIORI N. 2 SOGGETTI RISULTATI POSITIVI PER ATTIVITA' DI SCREENING, ASINTOMATICI ED  IN ISOLAMENTO DOMICILIARE, NON RESIDENTI E PROVENIENTI DA STATO ESTERO.  ",,,
2020-07-07T17:00:00,ITA,17,Basilicata,40.63947052,15.80514834,0,0,0,4,4,0,0,373,27,400,4,404,41102,40322,"NEL TOTALE CASI POSITIVI SONO COMPRESI ULTERIORI N. 2 SOGGETTI RISULTATI POSITIVI PER ATTIVITA' DI SCREENING, ASINTOMATICI ED  IN ISOLAMENTO DOMICILIARE, NON RESIDENTI E PROVENIENTI DA STATO ESTERO.  ",,,
2020-07-08T17:00:00,ITA,17,Basilicata,40.63947052,15.80514834,1,0,1,4,5,1,1,373,27,401,4,405,41330,40550,"NEL TOTALE CASI POSITIVI SONO COMPRESI N. 2 SOGGETTI RISULTATI POSITIVI PER ATTIVITA' DI SCREENING, ASINTOMATICI ED  IN ISOLAMENTO DOMICILIARE, NON RESIDENTI E PROVENIENTI DA STATO ESTERO.  ",,,
2020-07-09T17:00:00,ITA,17,Basilicata,40.63947052,15.80514834,2,0,2,3,5,0,0,373,27,401,4,405,41756,40976,"NEL TOTALE CASI POSITIVI SONO COMPRESI N. 2 SOGGETTI RISULTATI POSITIVI PER ATTIVITA' DI SCREENING, PROVENIENTI DA STATO ESTERO.  ",,,
2020-07-10T17:00:00,ITA,17,Basilicata,40.63947052,15.80514834,3,0,3,2,5,0,0,373,27,401,4,405,41973,41193,"NEL TOTALE CASI POSITIVI SONO COMPRESI N. 2 SOGGETTI RISULTATI POSITIVI PER ATTIVITA' DI SCREENING, PROVENIENTI DA STATO ESTERO.  ",,,
2020-07-11T17:00:00,ITA,17,Basilicata,40.63947052,15.80514834,3,0,3,2,5,0,1,374,27,401,5,406,42254,41474,"NEL TOTALE CASI POSITIVI DA ATTIVITA' DI SCREENING SONO COMPRESI N. 2 SOGGETTI RISULTATI POSITIVI, PROVENIENTI DA STATO ESTERO (MOLDAVIA) E NON RESIDENTI IN BASILICATA + N. 1 NUOVO CASO POSITIVO DI SOGGETTO RESIDENTE IN BASILICATA MA PROVENIENTE DA STATO ESTERO OVE LAVORA (KAZAKISTAN).  ",,,
2020-07-12T17:00:00,ITA,17,Basilicata,40.63947052,15.80514834,3,0,3,2,5,0,0,374,27,401,5,406,42254,41474,"NEL TOTALE CASI POSITIVI DA ATTIVITA' DI SCREENING SONO COMPRESI N. 2 SOGGETTI RISULTATI POSITIVI, PROVENIENTI DA STATO ESTERO (MOLDAVIA) E NON RESIDENTI IN BASILICATA + N. 1 NUOVO CASO POSITIVO DI SOGGETTO RESIDENTE IN BASILICATA MA PROVENIENTE DA STATO ESTERO OVE HA LAVORATO (KAZAKISTAN).  ",,,
2020-07-13T17:00:00,ITA,17,Basilicata,40.63947052,15.80514834,3,0,3,2,5,0,0,374,27,401,5,406,42563,41783,"NEL TOTALE CASI POSITIVI DA ATTIVITA' DI SCREENING SONO COMPRESI N. 2 SOGGETTI RISULTATI POSITIVI, PROVENIENTI DA STATO ESTERO (MOLDAVIA) E NON RESIDENTI IN BASILICATA + N. 1 NUOVO CASO POSITIVO DI SOGGETTO RESIDENTE IN BASILICATA MA PROVENIENTE DA STATO ESTERO OVE HA LAVORATO (KAZAKISTAN).  ",,,
2020-07-14T17:00:00,ITA,17,Basilicata,40.63947052,15.80514834,3,0,3,2,5,0,0,374,27,401,5,406,42851,42071,NEL TOTALE CASI POSITIVI SONO COMPRESI: N. 1 CASO RESIDENTE E DA ATTRIBUIRE ALLA REGIONE VENETO E N. 2 CASI RISULTATI POSITIVI DA ATTIVITA' DI SCREENING PROVENIENTI DA STATO ESTERO (MOLDAVIA) E NON RESIDENTI IN BASILICATA + N. 1 NUOVO CASO POSITIVO DI SOGGETTO RESIDENTE IN BASILICATA MA PROVENIENTE DA STATO ESTERO OVE HA LAVORATO (KAZAKISTAN).  ,,,
2020-07-15T17:00:00,ITA,17,Basilicata,40.63947052,15.80514834,3,0,3,2,5,0,0,373,27,402,3,405,43107,42322,"NEL TOTALE CASI POSITIVI SONO COMPRESI: N. 1 CASO RESIDENTE E GIA' ATTRIBUITO ALLA REGIONE VENETO (DETRATTO DAL N. CASI TOTALI), N. 2 CASI RISULTATI POSITIVI PER ATTIVITA' DI SCREENING PROVENIENTI DA STATO ESTERO (MOLDAVIA) E NON RESIDENTI IN BASILICATA, N. 1 NUOVO CASO POSITIVO DI SOGGETTO RESIDENTE IN BASILICATA MA PROVENIENTE DA STATO ESTERO OVE HA LAVORATO (KAZAKISTAN).  ",,,
2020-07-16T17:00:00,ITA,17,Basilicata,40.63947052,15.80514834,3,0,3,2,5,0,0,373,27,402,3,405,43400,42615,"NEL TOTALE CASI POSITIVI SONO COMPRESI: N. 2 CASI RISULTATI POSITIVI PER ATTIVITA' DI SCREENING PROVENIENTI DA STATO ESTERO (MOLDAVIA) E NON RESIDENTI IN BASILICATA, N. 1 NUOVO CASO POSITIVO DI SOGGETTO RESIDENTE IN BASILICATA MA PROVENIENTE DA STATO ESTERO OVE HA LAVORATO (KAZAKISTAN).  ",,,
2020-07-17T17:00:00,ITA,17,Basilicata,40.63947052,15.80514834,3,0,3,2,5,0,0,373,27,402,3,405,43697,42912,,,,
2020-07-18T17:00:00,ITA,17,Basilicata,40.63947052,15.80514834,3,0,3,2,5,0,0,373,27,402,3,405,44020,43235,"NEL TOTALE CASI POSITIVI SONO COMPRESI: N. 2 CASI RISULTATI POSITIVI PER ATTIVITA' DI SCREENING PROVENIENTI DA STATO ESTERO (MOLDAVIA) E NON RESIDENTI IN BASILICATA, N. 1 NUOVO CASO POSITIVO DI SOGGETTO RESIDENTE IN BASILICATA MA PROVENIENTE DA STATO ESTERO OVE HA LAVORATO (KAZAKISTAN).  ",,,
2020-07-19T17:00:00,ITA,17,Basilicata,40.63947052,15.80514834,2,0,2,5,7,2,3,373,28,402,6,408,44020,43235,"OLTRE A QUANTO SEGNALATO NEL PERIODO PRECEDENTE, NEL TOTALE CASI POSITIVI SONO COMPRESI: N. 3 CASI RISULTATI POSITIVI PER ATTIVITA' DI SCREENING PROVENIENTI DA STATO ESTERO (BENGALA), NON RESIDENTI IN BASILICATA ED ALLOGGIATI IN ISOLAMENTO PRESSO STRUTTURA DI ACCOGLIENZA DI POTENZA.  ",,,
2020-07-20T17:00:00,ITA,17,Basilicata,40.63947052,15.80514834,2,0,2,5,7,0,0,373,28,402,6,408,44271,43486,"OLTRE A QUANTO SEGNALATO NEL PERIODO PRECEDENTE, NEL TOTALE CASI POSITIVI SONO COMPRESI: N. 3 CASI RISULTATI POSITIVI PER ATTIVITA' DI SCREENING PROVENIENTI DA STATO ESTERO (BENGALA), NON RESIDENTI IN BASILICATA ED ALLOGGIATI IN ISOLAMENTO PRESSO STRUTTURA DI ACCOGLIENZA DI POTENZA.  ",,,
2020-07-21T17:00:00,ITA,17,Basilicata,40.63947052,15.80514834,2,0,2,5,7,0,0,373,28,402,6,408,44528,43743,DATO CASI DA SOSPETTO DIAGNOSTICO/CASI DA SCREENING IN CORSO DI VERIFICA PER CORRETTA DEFINIZIONE NUMERICA ED ATTRIBUZIONE IN RELAZIONE A CRITERI ISS DEL 18 LUGLIO 2020 RELATIVI A MIGRANTI ED ALLA DATA ODIERNA NON APPLICABILI.,,,
2020-07-22T17:00:00,ITA,17,Basilicata,40.63947052,15.80514834,2,0,2,41,43,36,36,373,28,402,42,444,44793,44008,DATO CASI DA SOSPETTO DIAGNOSTICO/CASI DA SCREENING IN CORSO DI VERIFICA PER CORRETTA DEFINIZIONE NUMERICA ED ATTRIBUZIONE IN RELAZIONE A CRITERI ISS DEL 18 LUGLIO 2020 RELATIVI A MIGRANTI ED ALLA DATA ODIERNA NON APPLICABILI.,,,
2020-07-23T17:00:00,ITA,17,Basilicata,40.63947052,15.80514834,2,0,2,44,46,3,3,373,28,402,45,447,45091,44306,,,,
2020-07-24T17:00:00,ITA,17,Basilicata,40.63947052,15.80514834,2,0,2,44,46,0,0,373,28,402,45,447,45346,44561,,,,
2020-07-25T17:00:00,ITA,17,Basilicata,40.63947052,15.80514834,2,0,2,44,46,0,1,374,28,402,46,448,45706,44921,"AI CASI GIA' SEGNALATI SI AGGIUNGE UN CITTADINO ORIGINARIO DEL MAROCCO, ASINTOMATICO,  RISULTATO POSITIVO PER ATTIVITA' DI SCREENING ED OGGETTO DI CONFERMA PRESSO IL LABORATORIO DI II LIVELLO.",,,
2020-07-26T17:00:00,ITA,17,Basilicata,40.63947052,15.80514834,2,0,2,44,46,0,0,374,28,402,46,448,45706,44921,"PER LA DATA ODIERNA SI CONFERMANO I DATI DEL 25 LUGLIO 2020.",,,
2020-07-27T17:00:00,ITA,17,Basilicata,40.63947052,15.80514834,2,0,2,45,47,1,1,374,28,402,47,449,45979,45189,IL NOTEVOLE INCREMENTO DEI CASI DELL'ULTIMA SETTIMANA E' DOVUTO UNICAMENTE A CASI IMPORTATI (N. 38 MIGRANTI E CITTADINI STRANIERI RIENTRATI IN BASILICATA) DIAGNOSTICATI CON INTERVENTI DI SCREENING.,,,
2020-07-28T17:00:00,ITA,17,Basilicata,40.63947052,15.80514834,2,0,2,45,47,0,0,374,28,402,47,449,46282,45492,"IL NOTEVOLE INCREMENTO DEI CASI DELL'ULTIMA SETTIMANA E' DOVUTO UNICAMENTE A CASI IMPORTATI E NON AUTOCTONI, TUTTI ASINTOMATICI E DERIVANTI DA ATTIVITA' DI SCREENING  (N. 38 MIGRANTI DEL BANGLADESH, 11 DEI QUALI TRASFERITI AL CELIO + N. 5 CITTADINI STRANIERI E N. 1 RESIDENTE IN BASILICATA RIENTRATI IN BASILICATA RISPETTIVAMENTE DA PAESI ESTERI E DALL'EMILIA ROMAGNA).",,,
2020-07-29T17:00:00,ITA,17,Basilicata,40.63947052,15.80514834,2,0,2,45,47,0,0,374,28,402,47,449,46540,45750,"IL NOTEVOLE INCREMENTO DEI CASI DELL'ULTIMA SETTIMANA E' DOVUTO UNICAMENTE A CASI IMPORTATI E NON AUTOCTONI, TUTTI ASINTOMATICI E DERIVANTI DA ATTIVITA' DI SCREENING  (N. 38 MIGRANTI DEL BANGLADESH, 11 DEI QUALI TRASFERITI AL CELIO + N. 5 CITTADINI STRANIERI E N. 1 RESIDENTE IN BASILICATA RIENTRATI IN BASILICATA RISPETTIVAMENTE DA PAESI ESTERI E DALL'EMILIA ROMAGNA).",,,
2020-07-30T17:00:00,ITA,17,Basilicata,40.63947052,15.80514834,2,0,2,45,47,0,0,374,28,402,47,449,46818,46028,,,,
2020-07-31T17:00:00,ITA,17,Basilicata,40.63947052,15.80514834,2,0,2,48,50,3,3,374,28,402,50,452,47200,46410,"AI MIGRANTI GIA' SEGNALATI SI AGGIUNGONO PER ATTIVITA' DI SCREENING E RETESTING N. 2 CASI POSITIVI (APPARTENENTI ALLO STESSO GRUPPO PROVENIENTE DAL BANGLADESH E SBARCATI IN DATA 11 C.M. A LAMPEDUSA PROVENIENTI DALLA LIBIA, SUCCESSIVAMENTE TRASFERITI AD AGRIGENTO ED ARRIVATI IN STRUTTURE RICETTIVE DELLA REGIONE BASILICATA IL 15 LUGLIO 2020)  E N. 1 CASO IN SOGGETTO DI NAZIONALITA' AFGANA GIA' OSPITE DELLA STRUTTURA DI ACCOGLIENZA DI IRSINA (MT) IN CUI SONO ACCOLTI ANCHE ALCUNI DEI SUDDETTI MIGRANTI PROVENIENTI DAL BANGLADESH. I 3 CASI POSITIVI ODIERNI, GIA' NEGATIVI AL PRIMO TAMPONE OF ESEGUITO IN STRUTTURE DI ACCOGLIENZA DELLA REGIONE BASILICATA, DERIVANO TUTTI DA ATTIVITA' DI RETESTING E SONO AL MOMENTO ASINTOMATICI.",,,
2020-08-01T17:00:00,ITA,17,Basilicata,40.63947052,15.80514834,2,0,2,48,50,0,0,374,28,402,50,452,47429,46639,,,,
2020-08-02T17:00:00,ITA,17,Basilicata,40.63947052,15.80514834,2,0,2,49,51,1,1,374,28,402,51,453,47430,46640,SI COMUNICA UNICAMENTE LA POSITIVITA' INDIVIDUATA CON ATTIVITA' DI SCREENING IN CITTADINA MOLDAVA GIUNTA IN BASILICATA ED ALLA DATA ODIERNA ASINTOMATICA ED IN ISOLAMENTO DOMICILIARE. DOMANI 03 AGOSTO SARA' INVIATO L'AGGIORNAMENTO COMPLETO DEI DATI RELATIVI AI TAMPONI OF. ESEGUITI ED AI CASI TOTALI TESTATI IL 2 E 3 AGOSTO 2020.,,,
2020-08-03T17:00:00,ITA,17,Basilicata,40.63947052,15.80514834,2,0,2,49,51,0,0,374,28,402,51,453,47706,46916,,,,
2020-08-04T17:00:00,ITA,17,Basilicata,40.63947052,15.80514834,2,0,2,49,51,0,0,374,28,402,51,453,47932,47142,AL TOTALE CASI POSITIVI IN ISOLAMENTO DOMICILIARE SONO STATI DETRATTI I MIGRANTI DEL BANGLADESH TRASFERITI ALL'OSPEDALE CELIO DI ROMA E NON PIU' IN TERRITORIO LUCANO,,,
2020-08-05T17:00:00,ITA,17,Basilicata,40.63947052,15.80514834,2,0,2,51,53,2,1,373,28,402,52,454,48206,47416,"CASO ALLA DATA ODIERNA POSITIVO, ASINTOMATICO PER ATTIVITA' DI SCREENING PER  RIENTRO DA PAESE DI ORIGINE (ROMANIA) IL 29/07/2020 CON VOLO WIZZAIR PARTITO DA BUCAREST ED ATTERRATA A BARI ALLE ORE 13.15. HA EFFETTUATO IL TRAGITTO DA BARI A MATERA IN TAXI IN PARI DATA, ACCOMPAGNATA DA MARITO E FIGLIO, RISULTATI ALLA DATA ODIERNA NEGATIVI PER SARS COV-2 ED ASINTOMATICI.",,,
2020-08-06T17:00:00,ITA,17,Basilicata,40.63947052,15.80514834,2,0,2,51,53,0,0,373,28,402,52,454,48573,47783,,,,
2020-08-07T17:00:00,ITA,17,Basilicata,40.63947052,15.80514834,2,0,2,72,74,21,21,373,28,402,73,475,48882,48092,"N.B.: I 21 CASI POSITIVI ODIERNI TUTTI ASINTOMATICI ED INDIVIDUATI CON ATTIVITA' DI SCREENING, SONO COSI' DISTINTI: 1) N. 20 MIGRANTI DI VARIA NAZIONALITA' SBARCATI A LAMPEDUSA, SUCCESSIVAMENTE TRASFERITI AD AGRIGENTO ED ARRIVATI IN STRUTTURA DI ACCOGLIENZA DI FERRANDINA SCALO (MT) IL 02 C.M.. SOTTOPOSTI A QUARANTENA E TAMPONE OF.;  2) N. 1 CASO POSITIVO IN CITTADINA PROVENIENTE DALLA MOLDAVIA  IN ISOLAMENTO.",,,
2020-08-08T17:00:00,ITA,17,Basilicata,40.63947052,15.80514834,2,0,2,73,75,1,1,373,28,402,74,476,49119,48319,"AGGIORNAMENTO DATI 7 AGOSTO ALLA DATA ODIERNA: AI 21 CASI POSITIVI ASINTOMATICI INDIVIDUATI CON ATTIVITA' DI SCREENING E SEGNALATI IN DATA 07, SI AGGIUNGE UN ULTERIORE CASO POSITIVO TRA I MIGRANTI ALLOGGIATI NELLA STRUTTURA DI FERRANDINA SCALO (MT) CHE DIVENTANO COMPLESSIVAMENTE 21.  PERTANTO I CASI TOTALI DEL 7-8 AGOSTO SONO COSI' DISTINTI: 1) N. 21 MIGRANTI DI VARIA NAZIONALITA' SBARCATI A LAMPEDUSA, SUCCESSIVAMENTE TRASFERITI AD AGRIGENTO ED OSPITATI IN STRUTTURA DI ACCOGLIENZA DI FERRANDINA SCALO (MT) DAL 02 C.M., SOTTOPOSTI A QUARANTENA E TAMPONE OF.;  2) N. 1 CASO POSITIVO IN CITTADINA MOLDAVA  IN ISOLAMENTO. TUTTI I CASI POSITIVI SEGNALATI IL 7 ED 8 AGOSTO RIGUARDANO CITTADINI STRANIERI, ASINTOMATICI E DERIVANO DA ATTIVITA' DI SCREENING.",,,
2020-08-09T17:00:00,ITA,17,Basilicata,40.63947052,15.80514834,2,0,2,73,75,0,0,373,28,402,74,476,49119,48319,"IN ASSENZA DI CASI POSITIVI E VARIAZIONI DELLE ALTRE VOCI, IL NUMERO DEI TAMPONI EFFETTUATI/CASI TESTATI ODIERNO SARA' COMUNICATO CON I DATI DEL 10 AGOSTO 2020.",,,
2020-08-10T17:00:00,ITA,17,Basilicata,40.63947052,15.80514834,0,0,0,72,72,-3,0,376,28,402,74,476,49392,48602,,,,
2020-08-11T17:00:00,ITA,17,Basilicata,40.63947052,15.80514834,0,0,0,73,73,1,1,376,28,402,75,477,49641,48851,"N. 1 CASO POSITIVO, ALLA DATA ODIERNA ASINTOMATICO, RESIDENTE IN BASILICATA, PROVENIENTE DALLA REGIONE LOMBARDIA OVE E' DOMICILIATO E VIVE STABILMENTE, INDIVIDUATO CON ATTIVITA' DI SCREENING ED ATTUALMENTE ISOLAMENTO DOMICILIARE.",,,
2020-08-12T17:00:00,ITA,17,Basilicata,40.63947052,15.80514834,0,0,0,72,72,-1,0,377,28,402,75,477,49919,49129,,,,
2020-08-13T17:00:00,ITA,17,Basilicata,40.63947052,15.80514834,0,0,0,73,73,1,1,377,28,402,76,478,50248,49448,,,,
2020-08-14T17:00:00,ITA,17,Basilicata,40.63947052,15.80514834,0,0,0,64,64,-9,4,390,28,402,80,482,50626,49836,,,,
2020-08-15T17:00:00,ITA,17,Basilicata,40.63947052,15.80514834,0,0,0,66,66,2,4,392,28,402,84,486,50856,50066,"PER N. 3 CASI RISULTATI POSITIVI E DICHIARATI IN DATA ODIERNA  SONO IN CORSO INDAGINI DI CONFERMA PRESSO LABORATORIO DI  DI II LIVELLO.",,,
2020-08-16T17:00:00,ITA,17,Basilicata,40.63947052,15.80514834,0,0,0,65,65,-1,0,392,28,402,83,485,50857,50066,N. 1 CASO RISULTATO POSITIVO E DICHIARATO IL 15.08.2020 E' RISULTATO NEGATIVO AI TEST PER Sars Cov-2 DI II LIVELLO ESEGUITO IN DATA ODIERNA. ,,,
2020-08-17T17:00:00,ITA,17,Basilicata,40.63947052,15.80514834,0,0,0,65,65,0,0,392,28,402,83,485,51009,50219,DOMANI SI INVIERA' ULTERIORE AGGIORNAMENTO CIRCA N. 2 CASI GIA' RISULTATI POSITIVI E DICHIARATI IL 15.08.2020 PER I QUALI SONO IN CORSO TEST DI CONFERMA PER Sars Cov-2 DI II LIVELLO + n. 1 NUOVO.,,,
2020-08-18T17:00:00,ITA,17,Basilicata,40.63947052,15.80514834,0,0,0,70,70,5,8,393,28,402,89,491,51388,50588,"1) N. 2 CASI GIA' RISULTATI POSITIVI, IN ISOLAMENTO DOMICILIARE E DICHIARATI IL 15.08.2020, SONO RISULTATI NEGATIVI AI TEST DI CONFERMA PER Sars Cov-2 DI II LIVELLO E DETRATTI DAL COMPUTO TOTALE; 2) IN DATA ODIERNA SI AGGIUNGONO: - N. 1 CASO POSITIVO NON DICHIARATO IL 15.08.2020 PER ULTERIORI VERIFICHE ED - ALTRI N. 7 CASI POSITIVI FACENTI PARTE DELLO STESSO CLUSTER FAMILIARE, DI CUI: N. 4 (RESIDENTI IN TOSCANA) E N. 4 (RESIDENTI IN BASILICATA) .",,,
2020-08-19T17:00:00,ITA,17,Basilicata,40.63947052,15.80514834,0,0,0,71,71,1,1,393,28,402,90,492,51628,50838,,,,
2020-08-20T17:00:00,ITA,17,Basilicata,40.63947052,15.80514834,0,0,0,73,73,2,2,393,28,402,92,494,51958,51168,"I CASI POSITIVI ODIERNI SI RIFERISCONO A DUE CONIUGI DI NAZIONALITA' RUMENA, RESIDENTI IN BASILICATA, RIENTRATI CON MEZZO PROPRIO DALLA ROMANIA OVE HANNO SOGGIORNATO DAL 22.07 AL 18.08.2020, POSTI IN QUARANTENA ALL'ARRIVO E SUCCESSIVAMENTE ALL'ESITO DEL TAMPONE OF. IN ISOLAMENTO FIDUCIARIO.",,,
2020-08-21T17:00:00,ITA,17,Basilicata,40.63947052,15.80514834,0,0,0,63,63,-10,0,403,28,402,92,494,52418,51628,,,,
2020-08-22T17:00:00,ITA,17,Basilicata,40.63947052,15.80514834,0,0,0,66,66,3,3,403,28,402,95,497,52817,52027,,,,
2020-08-23T17:00:00,ITA,17,Basilicata,40.63947052,15.80514834,1,0,1,70,71,5,5,403,28,402,100,502,52822,52032,,,,
2020-08-24T17:00:00,ITA,17,Basilicata,40.63947052,15.80514834,2,0,2,68,70,-1,0,404,28,402,100,502,53100,52310,,,,
2020-08-25T17:00:00,ITA,17,Basilicata,40.63947052,15.80514834,2,0,2,71,73,3,3,404,28,403,102,505,53602,52812,,,,
2020-08-26T17:00:00,ITA,17,Basilicata,40.63947052,15.80514834,2,0,2,72,74,1,3,406,28,403,105,508,54141,53350,"N. 1 CASO POSITIVO, ALLA DATA ODIERNA ASINTOMATICO,  E' RIFERITO AD UN CITTADINO RESIDENTE IN PUGLIA CHE HA EFFETTUATO TAMPONE NF PRESSO LABORATORIO DELLA REGIONE BASILICATA E CHE ATTUALMENTE E' IN ISOLAMENTO FIDUCIARIO PRESSO LA PROPRIA RESIDENZA.",,,
2020-08-27T17:00:00,ITA,17,Basilicata,40.63947052,15.80514834,2,0,2,78,80,6,6,406,28,403,111,514,54695,53905,"N. 2 CASI POSITIVI, ALLA DATA ODIERNA ASINTOMATICI,  SONO RIFERITI - AD UNA CITTADINA RESIDENTE IN TOSCANA CHE HA EFFETTUATO TAMPONE NF PRESSO LABORATORIO DELLA REGIONE BASILICATA E CHE ATTUALMENTE E' IN ISOLAMENTO FIDUCIARIO PRESSO COMUNE DELLA STESSA REGIONE;",,,
2020-08-28T17:00:00,ITA,17,Basilicata,40.63947052,15.80514834,1,1,2,81,83,3,4,407,28,405,113,518,55308,54518,,,,
2020-08-29T17:00:00,ITA,17,Basilicata,40.63947052,15.80514834,1,1,2,85,87,4,5,408,28,405,118,523,56000,55210,"TRA I CASI POSITIVI ODIERNI: - N. 1 CASO RESIDENTE IN ALTRA REGIONE DIAGNOSTICATO IN BASILICATA; - N. 1 CASO IN STRANIERA INDIVIDUATA CON ATTIVITA' DI SCREENING",,,
2020-08-30T17:00:00,ITA,17,Basilicata,40.63947052,15.80514834,1,1,2,86,88,1,1,408,28,405,119,524,56001,55211,IN DATA ODIERNA SI COMUNICA UNICAMENTE LA POSITIVITA' DI N. 1 CASO RISCONTRATO. IL NUMERO TOTALE DEI TAMPONI NF EFFETTUATI/CASI TESTATI ODIERNO SARA' COMUNICATO CUMULANDOLO CON I DATI DEL 31 AGOSTO 2020. ,,,
2020-08-31T17:00:00,ITA,17,Basilicata,40.63947052,15.80514834,1,1,2,86,88,0,0,408,28,405,119,524,56277,55487,,,,
2020-09-01T17:00:00,ITA,17,Basilicata,40.63947052,15.80514834,1,1,2,86,88,0,1,408,28,405,119,524,56739,55949,AL TOTALE CASI E' STATO DETRATTO N. 1 CASO IN RESIDENTE IN REGIONE BASILICATA PROVENIENTE DA STATO ESTERO DATO COME POSITIVO IN DATA 28.08.2020 E NON CONFERMATO DA N. 2 TAMPONI DI CONTROLLO PROCESSATI PRESSO IL LABORATORIO REGIONALE DI RIFERIMENTO.,,,
2020-09-02T17:00:00,ITA,17,Basilicata,40.63947052,15.80514834,1,1,2,88,90,2,2,408,28,405,121,526,57324,56534,n. 1 caso di residente in Basilicata in isolamento fiduciario in Comune del Lazio.,,,
2020-09-03T17:00:00,ITA,17,Basilicata,40.63947052,15.80514834,2,1,3,102,105,15,15,408,28,409,132,541,58050,57240,N. 10 CASI POSITIVI PER ATTIVITA' DI SCREENING IN EXTRACOMUNITARI DI VARIA NAZIONALITA' IN CAMPO DI ACCOGLIENZA.,,,
2020-09-04T17:00:00,ITA,17,Basilicata,40.63947052,15.80514834,3,1,4,104,108,3,7,412,28,410,138,548,58690,57880,,,,
2020-09-05T17:00:00,ITA,17,Basilicata,40.63947052,15.80514834,3,1,4,111,115,7,7,412,28,410,145,555,59354,58544,N. 1 CASO POSITIVO PER ATTIVITA' DI SCREENING DIAGNOSTICATO PRESSO LABORATORIO ANALISI ACCREDITATO REGIONE BASILICATA IN RESIDENTE IN REGIONE PUGLIA.,,,
2020-09-06T17:00:00,ITA,17,Basilicata,40.63947052,15.80514834,4,1,5,118,123,8,9,413,28,411,153,564,59798,58988,,,,
2020-09-07T17:00:00,ITA,17,Basilicata,40.63947052,15.80514834,4,1,5,114,119,-4,1,418,28,411,154,565,59870,59060,,,,
2020-09-08T17:00:00,ITA,17,Basilicata,40.63947052,15.80514834,4,1,5,120,125,6,8,420,28,411,162,573,60629,59819,,,,
2020-09-09T17:00:00,ITA,17,Basilicata,40.63947052,15.80514834,4,1,5,133,138,13,14,421,28,412,175,587,61310,60500,,,,
2020-09-10T17:00:00,ITA,17,Basilicata,40.63947052,15.80514834,4,1,5,138,143,5,6,422,28,413,180,593,61974,61164,,,,
2020-09-11T17:00:00,ITA,17,Basilicata,40.63947052,15.80514834,4,1,5,149,154,11,12,423,28,413,192,605,62587,61777,,,,
2020-09-12T17:00:00,ITA,17,Basilicata,40.63947052,15.80514834,5,1,6,149,155,1,5,427,28,414,196,610,63411,62601,,,,
2020-09-13T17:00:00,ITA,17,Basilicata,40.63947052,15.80514834,5,1,6,150,156,1,3,429,28,414,199,613,63771,62961,,,,
2020-09-14T17:00:00,ITA,17,Basilicata,40.63947052,15.80514834,5,1,6,150,156,0,0,429,28,414,199,613,63833,63023,,,,
2020-09-15T17:00:00,ITA,17,Basilicata,40.63947052,15.80514834,6,1,7,154,161,5,5,429,28,414,204,618,64330,63520,,,,
2020-09-16T17:00:00,ITA,17,Basilicata,40.63947052,15.80514834,6,1,7,157,164,3,5,431,28,414,209,623,64863,64053,,,,
2020-09-17T17:00:00,ITA,17,Basilicata,40.63947052,15.80514834,6,1,7,159,166,2,5,434,28,415,213,628,65446,64636,,,,
2020-09-18T17:00:00,ITA,17,Basilicata,40.63947052,15.80514834,6,1,7,156,163,-3,0,437,28,415,213,628,65884,65074,,,,
2020-09-19T17:00:00,ITA,17,Basilicata,40.63947052,15.80514834,6,1,7,158,165,2,3,438,28,415,216,631,66518,65708,,,,
2020-09-20T17:00:00,ITA,17,Basilicata,40.63947052,15.80514834,6,1,7,159,166,1,6,443,28,420,217,637,66845,66035,,,,
2020-09-21T17:00:00,ITA,17,Basilicata,40.63947052,15.80514834,7,1,8,155,163,-3,1,447,28,420,218,638,66927,66117,,,,
2020-09-22T17:00:00,ITA,17,Basilicata,40.63947052,15.80514834,10,1,11,166,177,14,14,447,28,422,230,652,67504,66694,,,,
2020-09-23T17:00:00,ITA,17,Basilicata,40.63947052,15.80514834,12,1,13,179,192,15,17,449,28,422,247,669,68081,67261,,,,
2020-09-24T17:00:00,ITA,17,Basilicata,40.63947052,15.80514834,13,1,14,182,196,4,9,454,28,423,255,678,68827,68007,,,,
2020-09-25T17:00:00,ITA,17,Basilicata,40.63947052,15.80514834,13,1,14,191,205,9,13,458,28,423,268,691,69677,68857,,,,
2020-09-26T17:00:00,ITA,17,Basilicata,40.63947052,15.80514834,14,1,15,214,229,24,25,459,28,425,291,716,70507,69687,,,,
2020-09-27T17:00:00,ITA,17,Basilicata,40.63947052,15.80514834,13,1,14,252,266,37,47,468,29,425,338,763,71026,70206,"L'AUMENTO DEL NUMERO DI CASI POSITIVI ODIERNO, RISPETTO AL TREND DEI GIORNI SCORSI E' DOVUTO: 1) AD UN CLUSTER SCOPERTO IN UNA CASA DI RIPOSO IN PROVINCIA DI POTENZA IN SEGUITO ALLA POSITIVITA' RISCONTRATA IERI UN UNA ASSISTITA POI RICOVERATA CHE HA COINVOLTO COMPLESSIVAMENTE 28 SOGGETTI TRA OSPITI ED OPERATORI SANITARI DELLA STRUTTURA; 2) AD ATTIVITA' DI CONTACT TRACING E SCREENING GIA' PREDISPOSTE E PROGRAMMATE DALLE AUTORITA' SANITARIE LOCALI EFFETTUATE SUL TERRITORIO IN RELAZIONE AI CASI POSITIVI DEI GIORNI PRECEDENTI.",,,
2020-09-28T17:00:00,ITA,17,Basilicata,40.63947052,15.80514834,13,1,14,259,273,7,7,468,29,425,345,770,71212,70392,,,,
2020-09-29T17:00:00,ITA,17,Basilicata,40.63947052,15.80514834,13,1,14,262,276,3,6,471,29,425,351,776,72153,71333,,,,
2020-09-30T17:00:00,ITA,17,Basilicata,40.63947052,15.80514834,11,2,13,294,307,31,32,472,29,425,383,808,73036,72216,,,,
2020-10-01T17:00:00,ITA,17,Basilicata,40.63947052,15.80514834,11,2,13,325,338,31,33,474,29,425,416,841,73975,73155,,,,
2020-10-02T17:00:00,ITA,17,Basilicata,40.63947052,15.80514834,11,2,13,332,345,7,16,482,30,425,432,857,74908,74088,,,,
2020-10-03T17:00:00,ITA,17,Basilicata,40.63947052,15.80514834,15,2,17,370,387,42,49,486,33,425,481,906,75947,75517,,,,
2020-10-04T17:00:00,ITA,17,Basilicata,40.63947052,15.80514834,15,2,17,373,390,3,14,497,33,426,494,920,76747,75915,,,,
2020-10-05T17:00:00,ITA,17,Basilicata,40.63947052,15.80514834,30,2,32,371,403,13,14,498,33,429,505,934,76885,76055,,,,
2020-10-06T17:00:00,ITA,17,Basilicata,40.63947052,15.80514834,30,2,32,371,403,0,4,502,33,429,509,938,77909,77079,,,,
2020-10-07T17:00:00,ITA,17,Basilicata,40.63947052,15.80514834,35,0,35,379,414,11,15,504,35,433,520,953,78669,77839,N.B.: N. 10 CASI POSITIVI ODIERNI E SEGNALATI NEL COMPUTO TOTALE DEI NUOVI CASI SI RIFERISCONO  A RESIDENTI IN ISOLAMENTO IN PUGLIA CHE HANNO UTILIZZATO PER L'ESECUZIONE E LA DIAGNOSI DI SARS CoV-2 LABORATORI ACCREDITATI DELLA REGIONE BASILICATA.,,,
2020-10-08T17:00:00,ITA,17,Basilicata,40.63947052,15.80514834,35,0,35,394,429,15,22,511,35,433,542,975,79406,78439,N.B.: N. 02 CASI POSITIVI ODIERNI E SEGNALATI NEL COMPUTO TOTALE DEI NUOVI CASI SI RIFERISCONO  A RESIDENTI IN ISOLAMENTO IN PUGLIA CHE HANNO UTILIZZATO PER L'ESECUZIONE E LA DIAGNOSI DI SARS CoV-2 LABORATORI ACCREDITATI DELLA REGIONE BASILICATA.,,,
2020-10-09T17:00:00,ITA,17,Basilicata,40.63947052,15.80514834,35,0,35,413,448,19,22,514,35,433,564,997,80332,79502,,,,
2020-10-10T17:00:00,ITA,17,Basilicata,40.63947052,15.80514834,36,0,36,439,475,27,37,524,35,434,600,1034,81193,80358,,,,
2020-10-11T17:00:00,ITA,17,Basilicata,40.63947052,15.80514834,36,0,36,449,485,10,13,527,35,434,613,1047,82150,81320,,,,
2020-10-12T17:00:00,ITA,17,Basilicata,40.63947052,15.80514834,36,0,36,459,495,10,11,528,35,434,624,1058,82280,81450,,,,
2020-10-13T17:00:00,ITA,17,Basilicata,40.63947052,15.80514834,34,0,34,463,497,2,8,532,37,434,632,1066,83481,82651,,,,
2020-10-14T17:00:00,ITA,17,Basilicata,40.63947052,15.80514834,35,0,35,469,504,7,9,534,37,435,640,1075,84449,83619,,,,
2020-10-15T17:00:00,ITA,17,Basilicata,40.63947052,15.80514834,36,0,36,503,539,35,37,536,37,436,676,1112,85435,84605,,,,
2020-10-16T17:00:00,ITA,17,Basilicata,40.63947052,15.80514834,36,0,36,547,583,44,57,548,38,437,732,1169,86551,85721,,,,
2020-10-17T17:00:00,ITA,17,Basilicata,40.63947052,15.80514834,40,0,40,598,638,55,57,550,38,441,785,1226,87674,86834,,,,
2020-10-18T17:00:00,ITA,17,Basilicata,40.63947052,15.80514834,43,0,43,637,680,42,48,555,39,444,830,1274,88624,87784,,,,
2020-10-19T17:00:00,ITA,17,Basilicata,40.63947052,15.80514834,51,1,52,646,698,18,22,559,39,453,843,1296,89021,88191,,,,
2020-10-20T17:00:00,ITA,17,Basilicata,40.63947052,15.80514834,51,1,52,661,713,15,17,561,39,453,860,1313,90136,89296,,,,
2020-10-21T17:00:00,ITA,17,Basilicata,40.63947052,15.80514834,48,4,52,723,775,62,85,584,39,453,945,1398,91337,90497,,,,
2020-10-22T17:00:00,ITA,17,Basilicata,40.63947052,15.80514834,48,4,52,776,828,53,83,611,42,453,1028,1481,92593,91753,,,,
2020-10-23T17:00:00,ITA,17,Basilicata,40.63947052,15.80514834,54,4,58,849,907,79,89,621,42,459,1111,1570,94027,93187,,,,
2020-10-24T17:00:00,ITA,17,Basilicata,40.63947052,15.80514834,53,5,58,887,945,38,50,630,44,459,1160,1619,95241,94401,N.B.: AL TOTALE CASI POSITIVI ODIERNO VA SOTTRATTO N. 1 CASO POSITIVO COMUNICATO ERRONEAMENTE IN PIU' IN DATA 23 OTTOBRE 2020 (PROVINCIA DI POTENZA). PERTANTO IL TOTALE CASI POSITIVI ALLA DATA ODIERNA E' DI 1619 CASI. ,,,
2020-10-25T17:00:00,ITA,17,Basilicata,40.63947052,15.80514834,53,5,58,955,1013,68,77,639,44,479,1217,1696,96422,95573,,,,
2020-10-26T17:00:00,ITA,17,Basilicata,40.63947052,15.80514834,66,6,72,937,1009,-4,8,651,44,485,1219,1704,96556,95707,,,,
2020-10-27T17:00:00,ITA,17,Basilicata,40.63947052,15.80514834,68,7,75,1001,1076,67,77,661,44,534,1247,1781,98015,96865,,,,
2020-10-28T17:00:00,ITA,17,Basilicata,40.63947052,15.80514834,73,7,80,1104,1184,108,120,670,47,624,1277,1901,99466,98626,,,,
2020-10-29T17:00:00,ITA,17,Basilicata,40.63947052,15.80514834,74,7,81,1175,1256,72,86,684,47,670,1317,1987,100470,99620,,,,
2020-10-30T17:00:00,ITA,17,Basilicata,40.63947052,15.80514834,74,7,81,1254,1335,79,95,699,48,728,1354,2082,102296,101446,,,,
2020-10-31T17:00:00,ITA,17,Basilicata,40.63947052,15.80514834,83,7,90,1356,1446,111,117,704,49,778,1421,2199,103999,103139,,,,
2020-11-01T17:00:00,ITA,17,Basilicata,40.63947052,15.80514834,86,11,97,1498,1595,149,150,705,49,840,1509,2349,105510,104650,,,,
2020-11-02T17:00:00,ITA,17,Basilicata,40.63947052,15.80514834,88,13,101,1594,1695,100,111,714,51,901,1559,2460,107115,106248,,,,
2020-11-03T17:00:00,ITA,17,Basilicata,40.63947052,15.80514834,87,11,98,1681,1779,84,102,729,54,963,1599,2562,108261,107396,,,,
2020-11-04T17:00:00,ITA,17,Basilicata,40.63947052,15.80514834,89,15,104,1890,1994,215,226,740,54,1039,1749,2788,109904,109034,,,,
2020-11-05T17:00:00,ITA,17,Basilicata,40.63947052,15.80514834,90,16,106,2015,2121,127,135,746,56,1079,1844,2923,111519,110599,,,,
2020-11-06T17:00:00,ITA,17,Basilicata,40.63947052,15.80514834,100,16,116,2219,2335,214,249,778,59,1124,2048,3172,112980,112020,,,,
2020-11-07T17:00:00,ITA,17,Basilicata,40.63947052,15.80514834,98,15,113,2302,2415,80,105,799,63,1159,2118,3277,114138,113188,,,,
2020-11-08T17:00:00,ITA,17,Basilicata,40.63947052,15.80514834,102,16,118,2536,2654,239,246,805,64,1231,2292,3523,115374,114414,IN CORSO REVISIONE DATI PER TAMPONI TOTALI EFFETTUATI E CASI TESTATI E PER TOTALE CASI POSITIVI RESIDENTI IN REGIONE BASILICATA.,,,
2020-11-09T17:00:00,ITA,17,Basilicata,40.63947052,15.80514834,111,18,129,2648,2777,123,132,814,64,1291,2364,3655,116105,115245,IN CORSO REVISIONE DATI PER TAMPONI TOTALI EFFETTUATI E CASI TESTATI E PER TOTALE CASI POSITIVI RESIDENTI IN REGIONE BASILICATA.,,,
2020-11-10T17:00:00,ITA,17,Basilicata,40.63947052,15.80514834,138,18,156,2831,2987,210,224,826,66,1371,2508,3879,117676,116796,IN CORSO REVISIONE DATI PER TAMPONI TOTALI EFFETTUATI E CASI TESTATI E PER TOTALE CASI POSITIVI RESIDENTI IN REGIONE BASILICATA.,,,
2020-11-11T17:00:00,ITA,17,Basilicata,40.63947052,15.80514834,133,19,152,2996,3148,161,168,830,69,1427,2620,4047,119132,118262,IN CORSO REVISIONE DATI PER TAMPONI TOTALI EFFETTUATI E CASI TESTATI E PER TOTALE CASI POSITIVI RESIDENTI IN REGIONE BASILICATA.,,,
2020-11-12T17:00:00,ITA,17,Basilicata,40.63947052,15.80514834,134,19,153,3187,3340,192,202,837,72,1495,2754,4249,120747,119885,IN CORSO REVISIONE DATI PER TAMPONI TOTALI EFFETTUATI E CASI TESTATI E PER TOTALE CASI POSITIVI RESIDENTI IN REGIONE BASILICATA,,,
2020-11-13T17:00:00,ITA,17,Basilicata,40.63947052,15.80514834,141,23,164,3436,3600,260,307,883,73,1594,2962,4556,123016,122141,TOTALI TAMPONI EFFETTUATI/CASI TESTATI E TOTALE CASI POSITIVI RESIDENTI IN REGIONE BASILICATA IN CORSO DI REVISIONE.,,,
2020-11-14T17:00:00,ITA,17,Basilicata,40.63947052,15.80514834,144,21,165,3668,3833,233,265,910,78,1662,3159,4821,125266,124396,TOTALI TAMPONI EFFETTUATI/CASI TESTATI E TOTALE CASI POSITIVI RESIDENTI IN REGIONE BASILICATA IN CORSO DI REVISIONE.,,,
2020-11-15T17:00:00,ITA,17,Basilicata,40.63947052,15.80514834,155,26,181,3788,3969,136,158,931,79,1705,3274,4979,126798,125928,TOTALI TAMPONI EFFETTUATI/CASI TESTATI E TOTALE CASI POSITIVI RESIDENTI IN REGIONE BASILICATA IN CORSO DI REVISIONE.,,,
2020-11-16T17:00:00,ITA,17,Basilicata,40.63947052,15.80514834,140,27,167,3905,4072,103,127,949,85,1740,3366,5106,127634,126804,TOTALI TAMPONI EFFETTUATI/CASI TESTATI E TOTALE CASI POSITIVI RESIDENTI IN REGIONE BASILICATA IN CORSO DI REVISIONE.,,,
2020-11-17T17:00:00,ITA,17,Basilicata,40.63947052,15.80514834,150,30,180,4146,4326,254,269,964,85,1810,3565,5375,130005,129135,TOTALI TAMPONI EFFETTUATI/CASI TESTATI E TOTALE CASI POSITIVI RESIDENTI IN REGIONE BASILICATA IN CORSO DI REVISIONE.,,,
2020-11-18T17:00:00,ITA,17,Basilicata,40.63947052,15.80514834,144,28,172,4332,4504,178,237,1009,99,1855,3757,5612,132066,131191,"N.B.: IL NUMERO TOTALE DEI DECESSI (N. 14) COMUNICATO IN DATA ODIERNA E' RIFERITO A PIU' GIORNATE E PRECISAMENTE: N. 2 DECESSI IN DATA 15, N. 3 DECESSI IN DATA 16, N. 5  DECESSI IN DATA 17 E N. 4 DECESSI IN DATA 18.",,,
2020-11-19T17:00:00,ITA,17,Basilicata,40.63947052,15.80514834,147,28,175,4587,4762,258,271,1020,101,1925,3958,5883,134214,133335,TOTALI TAMPONI EFFETTUATI/CASI TESTATI E TOTALE CASI POSITIVI RESIDENTI IN REGIONE BASILICATA IN CORSO DI REVISIONE.,,,
2020-11-20T17:00:00,ITA,17,Basilicata,40.63947052,15.80514834,154,27,181,4762,4943,181,219,1055,104,1970,4132,6102,136301,135426,TOTALI TAMPONI EFFETTUATI/CASI TESTATI E TOTALE CASI POSITIVI RESIDENTI IN REGIONE BASILICATA IN CORSO DI REVISIONE.,,,
2020-11-21T17:00:00,ITA,17,Basilicata,40.63947052,15.80514834,157,24,181,4989,5170,227,260,1082,110,2035,4327,6362,137987,137110,TOTALI TAMPONI EFFETTUATI/CASI TESTATI E TOTALE CASI POSITIVI RESIDENTI IN REGIONE BASILICATA IN CORSO DI REVISIONE.,,,
2020-11-22T17:00:00,ITA,17,Basilicata,40.63947052,15.80514834,156,23,179,5153,5332,162,208,1128,110,2080,4490,6570,139527,138861,TOTALI TAMPONI EFFETTUATI/CASI TESTATI E TOTALE CASI POSITIVI RESIDENTI IN REGIONE BASILICATA IN CORSO DI REVISIONE.,,,
2020-11-23T17:00:00,ITA,17,Basilicata,40.63947052,15.80514834,157,23,180,5192,5372,40,58,1142,114,2095,4533,6628,139910,139045,TOTALI TAMPONI EFFETTUATI/CASI TESTATI E TOTALE CASI POSITIVI RESIDENTI IN REGIONE BASILICATA IN CORSO DI REVISIONE.,,,
2020-11-24T17:00:00,ITA,17,Basilicata,40.63947052,15.80514834,160,19,179,5412,5591,219,261,1168,130,2157,4732,6889,141736,140861,N.B.: IL NUMERO TOTALE DEI DECESSI (N. 16) COMUNICATO IN DATA ODIERNA E' RIFERITO A PIU' GIORNATE DAL 19 AL 24 NOVEMBRE.,,,
2020-11-25T17:00:00,ITA,17,Basilicata,40.63947052,15.80514834,154,22,176,5691,5867,276,329,1218,133,2227,4991,7218,144321,143446,N.B.: IL NUMERO TOTALE DEI DECESSI NE COMPRENDE N. 2 RIFERITI A PAZIENTI RESIDENTI IN ALTRA REGIONE CON DIAGNOSI E DECESSO AVVENUTO IN STRUTTURE OSPEDALIERE DELLA REGIONE BASILICATA.,,,
2020-11-26T17:00:00,ITA,17,Basilicata,40.63947052,15.80514834,156,22,178,5922,6100,233,236,1218,136,2276,5178,7454,146286,145411,N.B.: IL NUMERO TOTALE DEI DECESSI NE COMPRENDE N. 1 RIFERITO A PAZIENTE RESIDENTE IN ALTRA REGIONE CON DIAGNOSI E DECESSO AVVENUTO IN STRUTTURA OSPEDALIERA DELLA REGIONE BASILICATA.,,,
2020-11-27T17:00:00,ITA,17,Basilicata,40.63947052,15.80514834,153,23,176,5789,5965,-135,218,1559,139,2325,5338,7663,148000,147124,DA RICALCOLO DEI CASI POSITIVI DEL 26 NOVEMBRE E' NECESSARIO DETRARRE N. 9 CASI ERRONEAMENTE CONTEGGIATI.,,,
2020-11-28T17:00:00,ITA,17,Basilicata,40.63947052,15.80514834,142,22,164,5909,6073,108,215,1663,142,2376,5502,7878,149586,148712,,,,
2020-11-29T17:00:00,ITA,17,Basilicata,40.63947052,15.80514834,141,25,166,6016,6182,109,172,1723,145,2428,5622,8050,151032,150157,TOTALI TAMPONI EFFETTUATI/CASI TESTATI E TOTALE CASI POSITIVI RESIDENTI IN REGIONE BASILICATA IN CORSO DI REVISIONE.,,,
2020-11-30T17:00:00,ITA,17,Basilicata,40.63947052,15.80514834,150,22,172,6020,6192,10,92,1797,153,2458,5684,8142,151705,150830,,,,
2020-12-01T17:00:00,ITA,17,Basilicata,40.63947052,15.80514834,157,21,178,6102,6280,88,156,1865,153,2510,5788,8298,153181,152306,,,,
2020-12-02T17:00:00,ITA,17,Basilicata,40.63947052,15.80514834,158,21,179,6178,6357,77,157,1945,153,2560,5895,8455,154957,154082,,,,
2020-12-03T17:00:00,ITA,17,Basilicata,40.63947052,15.80514834,161,20,181,6224,6405,48,131,2023,158,0,0,8586,156657,155787,,0,,
2020-12-04T17:00:00,ITA,17,Basilicata,40.63947052,15.80514834,165,20,185,6259,6444,39,142,2123,161,,,8728,158358,157503,,0,,
2020-12-05T17:00:00,ITA,17,Basilicata,40.63947052,15.80514834,134,19,153,6259,6412,-32,131,2278,169,,,8859,159770,158895,,0,,
2020-12-06T17:00:00,ITA,17,Basilicata,40.63947052,15.80514834,119,18,137,6231,6368,-44,81,2397,175,,,8940,161355,160485,,0,,
2020-12-07T17:00:00,ITA,17,Basilicata,40.63947052,15.80514834,124,16,140,6253,6393,25,106,2473,180,,,9046,162068,161223,,0,,
2020-12-08T17:00:00,ITA,17,Basilicata,40.63947052,15.80514834,121,15,136,6212,6348,-45,59,2576,181,,,9105,162939,162065,TOTALI TAMPONI EFFETTUATI/CASI TESTATI E TOTALE CASI POSITIVI RESIDENTI IN REGIONE BASILICATA IN CORSO DI REVISIONE.,0,,
2020-12-09T17:00:00,ITA,17,Basilicata,40.63947052,15.80514834,123,13,136,6148,6284,-64,35,2673,183,,,9140,163306,162432,,0,,
2020-12-10T17:00:00,ITA,17,Basilicata,40.63947052,15.80514834,122,15,137,6134,6271,-13,46,2726,189,,,9186,163918,163078,,2,,
